id;title;size;mime_type;car_id
1;Multi-channelled Licensed;61838;syndicate;1
2;Mississippi Refined Rubber Chicken Table;6505;Factors;2
3;South Dakota envisioneer Music;23089;Monitored Bahamian Dollar Investment Account;3
4;Games Regional Digitized;66252;hardware Costa Rica Mayotte;4
5;Industrial;84228;Views e-enable Communications;5
6;National Awesome sky blue;4522;software scale interactive;6
7;Louisiana Specialist Home Loan Account;27599;scalable;7
8;Small;98688;index orange;8
9;Jewelery;19884;monitor 1080p Checking Account;9
10;world-class Frozen IB;62329;archive Fantastic Plastic Chicken;10
